address_id,address,address2,city_id,postal_code,last_update
1,47 MySakila Drive,NULL,300,NULL,2/15/06 04:45
2,28 MySQL Boulevard,NULL,576,NULL,2/15/06 04:45
3,23 Workhaven Lane,NULL,300,NULL,2/15/06 04:45
4,1411 Lillydale Drive,NULL,576,NULL,2/15/06 04:45
5,1913 Hanoi Way,NULL,463,35200,2/15/06 04:45
6,1121 Loja Avenue,NULL,449,17886,2/15/06 04:45
7,692 Joliet Street,NULL,38,83579,2/15/06 04:45
8,1566 Inegl Manor,NULL,349,53561,2/15/06 04:45
9,53 Idfu Parkway,NULL,361,42399,2/15/06 04:45
10,1795 Santiago de Compostela Way,NULL,295,18743,2/15/06 04:45
11,900 Santiago de Compostela Parkway,NULL,280,93896,2/15/06 04:45
12,478 Joliet Way,NULL,200,77948,2/15/06 04:45
13,613 Korolev Drive,NULL,329,45844,2/15/06 04:45
14,1531 Sal Drive,NULL,162,53628,2/15/06 04:45
15,1542 Tarlac Parkway,NULL,440,1027,2/15/06 04:45
16,808 Bhopal Manor,NULL,582,10672,2/15/06 04:45
17,270 Amroha Parkway,NULL,384,29610,2/15/06 04:45
18,770 Bydgoszcz Avenue,NULL,120,16266,2/15/06 04:45
19,419 Iligan Lane,NULL,76,72878,2/15/06 04:45
20,360 Toulouse Parkway,NULL,495,54308,2/15/06 04:45
21,270 Toulon Boulevard,NULL,156,81766,2/15/06 04:45
22,320 Brest Avenue,NULL,252,43331,2/15/06 04:45
23,1417 Lancaster Avenue,NULL,267,72192,2/15/06 04:45
24,1688 Okara Way,NULL,327,21954,2/15/06 04:45
25,262 A Corua (La Corua) Parkway,NULL,525,34418,2/15/06 04:45
26,28 Charlotte Amalie Street,NULL,443,37551,2/15/06 04:45
27,1780 Hino Boulevard,NULL,303,7716,2/15/06 04:45
28,96 Tafuna Way,NULL,128,99865,2/15/06 04:45
29,934 San Felipe de Puerto Plata Street,NULL,472,99780,2/15/06 04:45
30,18 Duisburg Boulevard,NULL,121,58327,2/15/06 04:45
31,217 Botshabelo Place,NULL,138,49521,2/15/06 04:45
32,1425 Shikarpur Manor,NULL,346,65599,2/15/06 04:45
33,786 Aurora Avenue,NULL,474,65750,2/15/06 04:45
34,1668 Anpolis Street,NULL,316,50199,2/15/06 04:45
35,33 Gorontalo Way,NULL,257,30348,2/15/06 04:45
36,176 Mandaluyong Place,NULL,239,65213,2/15/06 04:45
37,127 Purnea (Purnia) Manor,NULL,17,79388,2/15/06 04:45
38,61 Tama Street,NULL,284,94065,2/15/06 04:45
39,391 Callao Drive,NULL,544,34021,2/15/06 04:45
40,334 Munger (Monghyr) Lane,NULL,31,38145,2/15/06 04:45
41,1440 Fukuyama Loop,NULL,362,47929,2/15/06 04:45
42,269 Cam Ranh Parkway,NULL,115,34689,2/15/06 04:45
43,306 Antofagasta Place,NULL,569,3989,2/15/06 04:45
44,671 Graz Street,NULL,353,94399,2/15/06 04:45
45,42 Brindisi Place,NULL,586,16744,2/15/06 04:45
46,1632 Bislig Avenue,NULL,394,61117,2/15/06 04:45
47,1447 Imus Way,NULL,167,48942,2/15/06 04:45
48,1998 Halifax Drive,NULL,308,76022,2/15/06 04:45
49,1718 Valencia Street,NULL,27,37359,2/15/06 04:45
50,46 Pjatigorsk Lane,NULL,343,23616,2/15/06 04:45
51,686 Garland Manor,NULL,247,52535,2/15/06 04:45
52,909 Garland Manor,NULL,367,69367,2/15/06 04:45
53,725 Isesaki Place,NULL,237,74428,2/15/06 04:45
54,115 Hidalgo Parkway,NULL,379,80168,2/15/06 04:45
55,1135 Izumisano Parkway,NULL,171,48150,2/15/06 04:45
56,939 Probolinggo Loop,NULL,1,4166,2/15/06 04:45
57,17 Kabul Boulevard,NULL,355,38594,2/15/06 04:45
58,1964 Allappuzha (Alleppey) Street,NULL,227,48980,2/15/06 04:45
59,1697 Kowloon and New Kowloon Loop,NULL,49,57807,2/15/06 04:45
60,1668 Saint Louis Place,NULL,397,39072,2/15/06 04:45
61,943 Tokat Street,NULL,560,45428,2/15/06 04:45
62,1114 Liepaja Street,NULL,282,69226,2/15/06 04:45
63,1213 Ranchi Parkway,NULL,350,94352,2/15/06 04:45
64,81 Hodeida Way,NULL,231,55561,2/15/06 04:45
65,915 Ponce Place,NULL,56,83980,2/15/06 04:45
66,1717 Guadalajara Lane,NULL,441,85505,2/15/06 04:45
67,1214 Hanoi Way,NULL,306,67055,2/15/06 04:45
68,1966 Amroha Avenue,NULL,139,70385,2/15/06 04:45
69,698 Otsu Street,NULL,105,71110,2/15/06 04:45
70,1150 Kimchon Manor,NULL,321,96109,2/15/06 04:45
71,1586 Guaruj Place,NULL,579,5135,2/15/06 04:45
72,57 Arlington Manor,NULL,475,48960,2/15/06 04:45
73,1031 Daugavpils Parkway,NULL,63,59025,2/15/06 04:45
74,1124 Buenaventura Drive,NULL,13,6856,2/15/06 04:45
75,492 Cam Ranh Street,NULL,61,50805,2/15/06 04:45
76,89 Allappuzha (Alleppey) Manor,NULL,517,75444,2/15/06 04:45
77,1947 Poos de Caldas Boulevard,NULL,114,60951,2/15/06 04:45
78,1206 Dos Quebradas Place,NULL,431,20207,2/15/06 04:45
79,1551 Rampur Lane,NULL,108,72394,2/15/06 04:45
80,602 Paarl Street,NULL,402,98889,2/15/06 04:45
81,1692 Ede Loop,NULL,30,9223,2/15/06 04:45
82,936 Salzburg Lane,NULL,425,96709,2/15/06 04:45
83,586 Tete Way,NULL,256,1079,2/15/06 04:45
84,1888 Kabul Drive,NULL,217,20936,2/15/06 04:45
85,320 Baiyin Parkway,NULL,319,37307,2/15/06 04:45
86,927 Baha Blanca Parkway,NULL,479,9495,2/15/06 04:45
87,929 Tallahassee Loop,NULL,497,74671,2/15/06 04:45
88,125 Citt del Vaticano Boulevard,NULL,40,67912,2/15/06 04:45
89,1557 Ktahya Boulevard,NULL,88,88002,2/15/06 04:45
90,870 Ashqelon Loop,NULL,489,84931,2/15/06 04:45
91,1740 Portoviejo Avenue,NULL,480,29932,2/15/06 04:45
92,1942 Ciparay Parkway,NULL,113,82624,2/15/06 04:45
93,1926 El Alto Avenue,NULL,289,75543,2/15/06 04:45
94,1952 Chatsworth Drive,NULL,332,25958,2/15/06 04:45
95,1370 Le Mans Avenue,NULL,53,52163,2/15/06 04:45
96,984 Effon-Alaiye Avenue,NULL,183,17119,2/15/06 04:45
97,832 Nakhon Sawan Manor,NULL,592,49021,2/15/06 04:45
98,152 Kitwe Parkway,NULL,82,53182,2/15/06 04:45
99,1697 Tanauan Lane,NULL,399,22870,2/15/06 04:45
100,1308 Arecibo Way,NULL,41,30695,2/15/06 04:45
101,1599 Plock Drive,NULL,534,71986,2/15/06 04:45
102,669 Firozabad Loop,NULL,12,92265,2/15/06 04:45
103,588 Vila Velha Manor,NULL,268,51540,2/15/06 04:45
104,1913 Kamakura Place,NULL,238,97287,2/15/06 04:45
105,733 Mandaluyong Place,NULL,2,77459,2/15/06 04:45
106,659 Vaduz Drive,NULL,34,49708,2/15/06 04:45
107,1177 Jelets Way,NULL,220,3305,2/15/06 04:45
108,1386 Yangor Avenue,NULL,543,80720,2/15/06 04:45
109,454 Nakhon Sawan Boulevard,NULL,173,76383,2/15/06 04:45
110,1867 San Juan Bautista Tuxtepec Avenue,NULL,225,78311,2/15/06 04:45
111,1532 Dzerzinsk Way,NULL,334,9599,2/15/06 04:45
112,1002 Ahmadnagar Manor,NULL,213,93026,2/15/06 04:45
113,682 Junan Way,NULL,273,30418,2/15/06 04:45
114,804 Elista Drive,NULL,159,61069,2/15/06 04:45
115,1378 Alvorada Avenue,NULL,102,75834,2/15/06 04:45
116,793 Cam Ranh Avenue,NULL,292,87057,2/15/06 04:45
117,1079 Tel Aviv-Jaffa Boulevard,NULL,132,10885,2/15/06 04:45
118,442 Rae Bareli Place,NULL,148,24321,2/15/06 04:45
119,1107 Nakhon Sawan Avenue,NULL,365,75149,2/15/06 04:45
120,544 Malm Parkway,NULL,403,63502,2/15/06 04:45
121,1967 Sincelejo Place,NULL,176,73644,2/15/06 04:45
122,333 Goinia Way,NULL,185,78625,2/15/06 04:45
123,1987 Coacalco de Berriozbal Loop,NULL,476,96065,2/15/06 04:45
124,241 Mosul Lane,NULL,147,76157,2/15/06 04:45
125,211 Chiayi Drive,NULL,164,58186,2/15/06 04:45
126,1175 Tanauan Way,NULL,305,64615,2/15/06 04:45
127,117 Boa Vista Way,NULL,566,6804,2/15/06 04:45
128,848 Tafuna Manor,NULL,281,45142,2/15/06 04:45
129,569 Baicheng Lane,NULL,85,60304,2/15/06 04:45
130,1666 Qomsheh Drive,NULL,410,66255,2/15/06 04:45
131,801 Hagonoy Drive,NULL,484,8439,2/15/06 04:45
132,1050 Garden Grove Avenue,NULL,236,4999,2/15/06 04:45
133,1854 Tieli Street,NULL,302,15819,2/15/06 04:45
134,758 Junan Lane,NULL,190,82639,2/15/06 04:45
135,1752 So Leopoldo Parkway,NULL,345,14014,2/15/06 04:45
136,898 Belm Manor,NULL,87,49757,2/15/06 04:45
137,261 Saint Louis Way,NULL,541,83401,2/15/06 04:45
138,765 Southampton Drive,NULL,421,4285,2/15/06 04:45
139,943 Johannesburg Avenue,NULL,417,5892,2/15/06 04:45
140,788 Atinsk Street,NULL,211,81691,2/15/06 04:45
141,1749 Daxian Place,NULL,29,11044,2/15/06 04:45
142,1587 Sullana Lane,NULL,207,85769,2/15/06 04:45
143,1029 Dzerzinsk Manor,NULL,542,57519,2/15/06 04:45
144,1666 Beni-Mellal Place,NULL,123,13377,2/15/06 04:45
145,928 Jaffna Loop,NULL,172,93762,2/15/06 04:45
146,483 Ljubertsy Parkway,NULL,149,60562,2/15/06 04:45
147,374 Bat Yam Boulevard,NULL,266,97700,2/15/06 04:45
148,1027 Songkhla Manor,NULL,340,30861,2/15/06 04:45
149,999 Sanaa Loop,NULL,491,3439,2/15/06 04:45
150,879 Newcastle Way,NULL,499,90732,2/15/06 04:45
151,1337 Lincoln Parkway,NULL,555,99457,2/15/06 04:45
152,1952 Pune Lane,NULL,442,92150,2/15/06 04:45
153,782 Mosul Street,NULL,94,25545,2/15/06 04:45
154,781 Shimonoseki Drive,NULL,202,95444,2/15/06 04:45
155,1560 Jelets Boulevard,NULL,291,77777,2/15/06 04:45
156,1963 Moscow Place,NULL,354,64863,2/15/06 04:45
157,456 Escobar Way,NULL,232,36061,2/15/06 04:45
158,798 Cianjur Avenue,NULL,590,76990,2/15/06 04:45
159,185 Novi Sad Place,NULL,72,41778,2/15/06 04:45
160,1367 Yantai Manor,NULL,381,21294,2/15/06 04:45
161,1386 Nakhon Sawan Boulevard,NULL,420,53502,2/15/06 04:45
162,369 Papeete Way,NULL,187,66639,2/15/06 04:45
163,1440 Compton Place,NULL,307,81037,2/15/06 04:45
164,1623 Baha Blanca Manor,NULL,310,81511,2/15/06 04:45
165,97 Shimoga Avenue,NULL,533,44660,2/15/06 04:45
166,1740 Le Mans Loop,NULL,297,22853,2/15/06 04:45
167,1287 Xiangfan Boulevard,NULL,253,57844,2/15/06 04:45
168,842 Salzburg Lane,NULL,529,3313,2/15/06 04:45
169,154 Tallahassee Loop,NULL,199,62250,2/15/06 04:45
170,710 San Felipe del Progreso Avenue,NULL,304,76901,2/15/06 04:45
171,1540 Wroclaw Drive,NULL,107,62686,2/15/06 04:45
172,475 Atinsk Way,NULL,240,59571,2/15/06 04:45
173,1294 Firozabad Drive,NULL,407,70618,2/15/06 04:45
174,1877 Ezhou Lane,NULL,550,63337,2/15/06 04:45
175,316 Uruapan Street,NULL,223,58194,2/15/06 04:45
176,29 Pyongyang Loop,NULL,58,47753,2/15/06 04:45
177,1010 Klerksdorp Way,NULL,186,6802,2/15/06 04:45
178,1848 Salala Boulevard,NULL,373,25220,2/15/06 04:45
179,431 Xiangtan Avenue,NULL,18,4854,2/15/06 04:45
180,757 Rustenburg Avenue,NULL,483,89668,2/15/06 04:45
181,146 Johannesburg Way,NULL,330,54132,2/15/06 04:45
182,1891 Rizhao Boulevard,NULL,456,47288,2/15/06 04:45
183,1089 Iwatsuki Avenue,NULL,270,35109,2/15/06 04:45
184,1410 Benin City Parkway,NULL,405,29747,2/15/06 04:45
185,682 Garden Grove Place,NULL,333,67497,2/15/06 04:45
186,533 al-Ayn Boulevard,NULL,126,8862,2/15/06 04:45
187,1839 Szkesfehrvr Parkway,NULL,317,55709,2/15/06 04:45
188,741 Ambattur Manor,NULL,438,43310,2/15/06 04:45
189,927 Barcelona Street,NULL,467,65121,2/15/06 04:45
190,435 0 Way,NULL,195,74750,2/15/06 04:45
191,140 Chiayi Parkway,NULL,506,38982,2/15/06 04:45
192,1166 Changhwa Street,NULL,62,58852,2/15/06 04:45
193,891 Novi Sad Manor,NULL,383,5379,2/15/06 04:45
194,605 Rio Claro Parkway,NULL,513,49348,2/15/06 04:45
195,1077 San Felipe de Puerto Plata Place,NULL,369,65387,2/15/06 04:45
196,9 San Miguel de Tucumn Manor,NULL,169,90845,2/15/06 04:45
197,447 Surakarta Loop,NULL,271,10428,2/15/06 04:45
198,345 Oshawa Boulevard,NULL,204,32114,2/15/06 04:45
199,1792 Valle de la Pascua Place,NULL,477,15540,2/15/06 04:45
200,1074 Binzhou Manor,NULL,325,36490,2/15/06 04:45
201,817 Bradford Loop,NULL,109,89459,2/15/06 04:45
202,955 Bamenda Way,NULL,218,1545,2/15/06 04:45
203,1149 A Corua (La Corua) Boulevard,NULL,194,95824,2/15/06 04:45
204,387 Mwene-Ditu Drive,NULL,35,8073,2/15/06 04:45
205,68 Molodetno Manor,NULL,575,4662,2/15/06 04:45
206,642 Nador Drive,NULL,77,3924,2/15/06 04:45
207,1688 Nador Lane,NULL,184,61613,2/15/06 04:45
208,1215 Pyongyang Parkway,NULL,557,25238,2/15/06 04:45
209,1679 Antofagasta Street,NULL,122,86599,2/15/06 04:45
210,1304 s-Hertogenbosch Way,NULL,83,10925,2/15/06 04:45
211,850 Salala Loop,NULL,371,10800,2/15/06 04:45
212,624 Oshawa Boulevard,NULL,51,89959,2/15/06 04:45
213,43 Dadu Avenue,NULL,74,4855,2/15/06 04:45
214,751 Lima Loop,NULL,7,99405,2/15/06 04:45
215,1333 Haldia Street,NULL,174,82161,2/15/06 04:45
216,660 Jedda Boulevard,NULL,65,25053,2/15/06 04:45
217,1001 Miyakonojo Lane,NULL,518,67924,2/15/06 04:45
218,226 Brest Manor,NULL,508,2299,2/15/06 04:45
219,1229 Valencia Parkway,NULL,498,99124,2/15/06 04:45
220,1201 Qomsheh Manor,NULL,28,21464,2/15/06 04:45
221,866 Shivapuri Manor,NULL,448,22474,2/15/06 04:45
222,1168 Najafabad Parkway,NULL,251,40301,2/15/06 04:45
223,1244 Allappuzha (Alleppey) Place,NULL,567,20657,2/15/06 04:45
224,1842 Luzinia Boulevard,NULL,593,94420,2/15/06 04:45
225,1926 Gingoog Street,NULL,511,22824,2/15/06 04:45
226,810 Palghat (Palakkad) Boulevard,NULL,235,73431,2/15/06 04:45
227,1820 Maring Parkway,NULL,324,88307,2/15/06 04:45
228,60 Poos de Caldas Street,NULL,243,82338,2/15/06 04:45
229,1014 Loja Manor,NULL,22,66851,2/15/06 04:45
230,201 Effon-Alaiye Way,NULL,37,64344,2/15/06 04:45
231,430 Alessandria Loop,NULL,439,47446,2/15/06 04:45
232,754 Valencia Place,NULL,406,87911,2/15/06 04:45
233,356 Olomouc Manor,NULL,26,93323,2/15/06 04:45
234,1256 Bislig Boulevard,NULL,86,50598,2/15/06 04:45
235,954 Kimchon Place,NULL,559,42420,2/15/06 04:45
236,885 Yingkou Manor,NULL,596,31390,2/15/06 04:45
237,1736 Cavite Place,NULL,216,98775,2/15/06 04:45
238,346 Skikda Parkway,NULL,233,90628,2/15/06 04:45
239,98 Stara Zagora Boulevard,NULL,96,76448,2/15/06 04:45
240,1479 Rustenburg Boulevard,NULL,527,18727,2/15/06 04:45
241,647 A Corua (La Corua) Street,NULL,357,36971,2/15/06 04:45
242,1964 Gijn Manor,NULL,473,14408,2/15/06 04:45
243,47 Syktyvkar Lane,NULL,118,22236,2/15/06 04:45
244,1148 Saarbrcken Parkway,NULL,226,1921,2/15/06 04:45
245,1103 Bilbays Parkway,NULL,578,87660,2/15/06 04:45
246,1246 Boksburg Parkway,NULL,422,28349,2/15/06 04:45
247,1483 Pathankot Street,NULL,454,37288,2/15/06 04:45
248,582 Papeete Loop,NULL,294,27722,2/15/06 04:45
249,300 Junan Street,NULL,553,81314,2/15/06 04:45
250,829 Grand Prairie Way,NULL,328,6461,2/15/06 04:45
251,1473 Changhwa Parkway,NULL,124,75933,2/15/06 04:45
252,1309 Weifang Street,NULL,520,57338,2/15/06 04:45
253,1760 Oshawa Manor,NULL,535,38140,2/15/06 04:45
254,786 Stara Zagora Way,NULL,390,98332,2/15/06 04:45
255,1966 Tonghae Street,NULL,198,36481,2/15/06 04:45
256,1497 Yuzhou Drive,NULL,312,3433,2/15/06 04:45
258,752 Ondo Loop,NULL,338,32474,2/15/06 04:45
259,1338 Zalantun Lane,NULL,413,45403,2/15/06 04:45
260,127 Iwakuni Boulevard,NULL,192,20777,2/15/06 04:45
261,51 Laredo Avenue,NULL,342,68146,2/15/06 04:45
262,771 Yaound Manor,NULL,64,86768,2/15/06 04:45
263,532 Toulon Street,NULL,460,69517,2/15/06 04:45
264,1027 Banjul Place,NULL,197,50390,2/15/06 04:45
265,1158 Mandi Bahauddin Parkway,NULL,136,98484,2/15/06 04:45
266,862 Xintai Lane,NULL,548,30065,2/15/06 04:45
267,816 Cayenne Parkway,NULL,414,93629,2/15/06 04:45
268,1831 Nam Dinh Loop,NULL,323,51990,2/15/06 04:45
269,446 Kirovo-Tepetsk Lane,NULL,203,19428,2/15/06 04:45
270,682 Halisahar Place,NULL,378,20536,2/15/06 04:45
271,1587 Loja Manor,NULL,447,5410,2/15/06 04:45
272,1762 Paarl Parkway,NULL,298,53928,2/15/06 04:45
273,1519 Ilorin Place,NULL,395,49298,2/15/06 04:45
274,920 Kumbakonam Loop,NULL,446,75090,2/15/06 04:45
275,906 Goinia Way,NULL,255,83565,2/15/06 04:45
276,1675 Xiangfan Manor,NULL,283,11763,2/15/06 04:45
277,85 San Felipe de Puerto Plata Drive,NULL,584,46063,2/15/06 04:45
278,144 South Hill Loop,NULL,445,2012,2/15/06 04:45
279,1884 Shikarpur Avenue,NULL,263,85548,2/15/06 04:45
280,1980 Kamjanets-Podilskyi Street,NULL,404,89502,2/15/06 04:45
281,1944 Bamenda Way,NULL,573,24645,2/15/06 04:45
282,556 Baybay Manor,NULL,374,55802,2/15/06 04:45
283,457 Tongliao Loop,NULL,222,56254,2/15/06 04:45
284,600 Bradford Street,NULL,514,96204,2/15/06 04:45
285,1006 Santa Brbara dOeste Manor,NULL,389,36229,2/15/06 04:45
286,1308 Sumy Loop,NULL,175,30657,2/15/06 04:45
287,1405 Chisinau Place,NULL,411,8160,2/15/06 04:45
288,226 Halifax Street,NULL,277,58492,2/15/06 04:45
289,1279 Udine Parkway,NULL,69,75860,2/15/06 04:45
290,1336 Benin City Drive,NULL,386,46044,2/15/06 04:45
291,1155 Liaocheng Place,NULL,152,22650,2/15/06 04:45
292,1993 Tabuk Lane,NULL,522,64221,2/15/06 04:45
293,86 Higashiosaka Lane,NULL,563,33768,2/15/06 04:45
294,1912 Allende Manor,NULL,279,58124,2/15/06 04:45
295,544 Tarsus Boulevard,NULL,562,53145,2/15/06 04:45
296,1936 Cuman Avenue,NULL,433,61195,2/15/06 04:45
297,1192 Tongliao Street,NULL,470,19065,2/15/06 04:45
298,44 Najafabad Way,NULL,146,61391,2/15/06 04:45
299,32 Pudukkottai Lane,NULL,140,38834,2/15/06 04:45
300,661 Chisinau Lane,NULL,274,8856,2/15/06 04:45
301,951 Stara Zagora Manor,NULL,400,98573,2/15/06 04:45
302,922 Vila Velha Loop,NULL,9,4085,2/15/06 04:45
303,898 Jining Lane,NULL,387,40070,2/15/06 04:45
304,1635 Kuwana Boulevard,NULL,205,52137,2/15/06 04:45
305,41 El Alto Parkway,NULL,398,56883,2/15/06 04:45
306,1883 Maikop Lane,NULL,254,68469,2/15/06 04:45
307,1908 Gaziantep Place,NULL,536,58979,2/15/06 04:45
308,687 Alessandria Parkway,NULL,455,57587,2/15/06 04:45
309,827 Yuncheng Drive,NULL,99,79047,2/15/06 04:45
310,913 Coacalco de Berriozbal Loop,NULL,33,42141,2/15/06 04:45
311,715 So Bernardo do Campo Lane,NULL,507,84804,2/15/06 04:45
312,1354 Siegen Street,NULL,25,80184,2/15/06 04:45
313,1191 Sungai Petani Boulevard,NULL,262,9668,2/15/06 04:45
314,1224 Huejutla de Reyes Boulevard,NULL,91,70923,2/15/06 04:45
315,543 Bergamo Avenue,NULL,215,59686,2/15/06 04:45
316,746 Joliet Lane,NULL,286,94878,2/15/06 04:45
317,780 Kimberley Way,NULL,515,17032,2/15/06 04:45
318,1774 Yaound Place,NULL,166,91400,2/15/06 04:45
319,1957 Yantai Lane,NULL,490,59255,2/15/06 04:45
320,1542 Lubumbashi Boulevard,NULL,57,62472,2/15/06 04:45
321,651 Pathankot Loop,NULL,336,59811,2/15/06 04:45
322,1359 Zhoushan Parkway,NULL,545,29763,2/15/06 04:45
323,1769 Iwaki Lane,NULL,97,25787,2/15/06 04:45
324,1145 Vilnius Manor,NULL,451,73170,2/15/06 04:45
325,1892 Nabereznyje Telny Lane,NULL,516,28396,2/15/06 04:45
326,470 Boksburg Street,NULL,81,97960,2/15/06 04:45
327,1427 A Corua (La Corua) Place,NULL,45,85799,2/15/06 04:45
328,479 San Felipe del Progreso Avenue,NULL,130,54949,2/15/06 04:45
329,867 Benin City Avenue,NULL,591,78543,2/15/06 04:45
330,981 Kumbakonam Place,NULL,89,87611,2/15/06 04:45
331,1016 Iwakuni Street,NULL,269,49833,2/15/06 04:45
332,663 Baha Blanca Parkway,NULL,5,33463,2/15/06 04:45
333,1860 Taguig Loop,NULL,119,59550,2/15/06 04:45
334,1816 Bydgoszcz Loop,NULL,234,64308,2/15/06 04:45
335,587 Benguela Manor,NULL,42,91590,2/15/06 04:45
336,430 Kumbakonam Drive,NULL,457,28814,2/15/06 04:45
337,1838 Tabriz Lane,NULL,143,1195,2/15/06 04:45
338,431 Szkesfehrvr Avenue,NULL,48,57828,2/15/06 04:45
339,503 Sogamoso Loop,NULL,505,49812,2/15/06 04:45
340,507 Smolensk Loop,NULL,492,22971,2/15/06 04:45
341,1920 Weifang Avenue,NULL,427,15643,2/15/06 04:45
342,124 al-Manama Way,NULL,382,52368,2/15/06 04:45
343,1443 Mardan Street,NULL,392,31483,2/15/06 04:45
344,1909 Benguela Lane,NULL,581,19913,2/15/06 04:45
345,68 Ponce Parkway,NULL,201,85926,2/15/06 04:45
346,1217 Konotop Avenue,NULL,151,504,2/15/06 04:45
347,1293 Nam Dinh Way,NULL,84,71583,2/15/06 04:45
348,785 Vaduz Street,NULL,335,36170,2/15/06 04:45
349,1516 Escobar Drive,NULL,370,46069,2/15/06 04:45
350,1628 Nagareyama Lane,NULL,453,60079,2/15/06 04:45
351,1157 Nyeri Loop,NULL,320,56380,2/15/06 04:45
352,1673 Tangail Drive,NULL,137,26857,2/15/06 04:45
353,381 Kabul Way,NULL,209,87272,2/15/06 04:45
354,953 Hodeida Street,NULL,221,18841,2/15/06 04:45
355,469 Nakhon Sawan Street,NULL,531,58866,2/15/06 04:45
356,1378 Beira Loop,NULL,597,40792,2/15/06 04:45
357,1641 Changhwa Place,NULL,52,37636,2/15/06 04:45
358,1698 Southport Loop,NULL,393,49009,2/15/06 04:45
359,519 Nyeri Manor,NULL,461,37650,2/15/06 04:45
360,619 Hunuco Avenue,NULL,331,81508,2/15/06 04:45
361,45 Aparecida de Goinia Place,NULL,464,7431,2/15/06 04:45
362,482 Kowloon and New Kowloon Manor,NULL,90,97056,2/15/06 04:45
363,604 Bern Place,NULL,429,5373,2/15/06 04:45
364,1623 Kingstown Drive,NULL,20,91299,2/15/06 04:45
365,1009 Zanzibar Lane,NULL,32,64875,2/15/06 04:45
366,114 Jalib al-Shuyukh Manor,NULL,585,60440,2/15/06 04:45
367,1163 London Parkway,NULL,66,6066,2/15/06 04:45
368,1658 Jastrzebie-Zdrj Loop,NULL,372,96584,2/15/06 04:45
369,817 Laredo Avenue,NULL,188,77449,2/15/06 04:45
370,1565 Tangail Manor,NULL,377,45750,2/15/06 04:45
371,1912 Emeishan Drive,NULL,50,33050,2/15/06 04:45
372,230 Urawa Drive,NULL,8,2738,2/15/06 04:45
373,1922 Miraj Way,NULL,356,13203,2/15/06 04:45
374,433 Florencia Street,NULL,250,91330,2/15/06 04:45
375,1049 Matamoros Parkway,NULL,191,69640,2/15/06 04:45
376,1061 Ede Avenue,NULL,98,57810,2/15/06 04:45
377,154 Oshawa Manor,NULL,415,72771,2/15/06 04:45
378,1191 Tandil Drive,NULL,523,6362,2/15/06 04:45
379,1133 Rizhao Avenue,NULL,572,2800,2/15/06 04:45
380,1519 Santiago de los Caballeros Loop,NULL,348,22025,2/15/06 04:45
381,1618 Olomouc Manor,NULL,285,26385,2/15/06 04:45
382,220 Hidalgo Drive,NULL,265,45298,2/15/06 04:45
383,686 Donostia-San Sebastin Lane,NULL,471,97390,2/15/06 04:45
384,97 Mogiljov Lane,NULL,73,89294,2/15/06 04:45
385,1642 Charlotte Amalie Drive,NULL,549,75442,2/15/06 04:45
386,1368 Maracabo Boulevard,NULL,493,32716,2/15/06 04:45
387,401 Sucre Boulevard,NULL,322,25007,2/15/06 04:45
388,368 Hunuco Boulevard,NULL,360,17165,2/15/06 04:45
389,500 Lincoln Parkway,NULL,210,95509,2/15/06 04:45
390,102 Chapra Drive,NULL,521,14073,2/15/06 04:45
391,1793 Meixian Place,NULL,258,33535,2/15/06 04:45
392,514 Ife Way,NULL,315,69973,2/15/06 04:45
393,717 Changzhou Lane,NULL,104,21615,2/15/06 04:45
394,753 Ilorin Avenue,NULL,157,3656,2/15/06 04:45
395,1337 Mit Ghamr Avenue,NULL,358,29810,2/15/06 04:45
396,767 Pyongyang Drive,NULL,229,83536,2/15/06 04:45
397,614 Pak Kret Street,NULL,6,27796,2/15/06 04:45
398,954 Lapu-Lapu Way,NULL,278,8816,2/15/06 04:45
399,331 Bydgoszcz Parkway,NULL,181,966,2/15/06 04:45
400,1152 Citrus Heights Manor,NULL,15,5239,2/15/06 04:45
401,168 Cianjur Manor,NULL,228,73824,2/15/06 04:45
402,616 Hagonoy Avenue,NULL,39,46043,2/15/06 04:45
403,1190 0 Place,NULL,44,10417,2/15/06 04:45
404,734 Bchar Place,NULL,375,30586,2/15/06 04:45
405,530 Lausanne Lane,NULL,135,11067,2/15/06 04:45
406,454 Patiala Lane,NULL,276,13496,2/15/06 04:45
407,1346 Mysore Drive,NULL,92,61507,2/15/06 04:45
408,990 Etawah Loop,NULL,564,79940,2/15/06 04:45
409,1266 Laredo Parkway,NULL,380,7664,2/15/06 04:45
410,88 Nagaon Manor,NULL,524,86868,2/15/06 04:45
411,264 Bhimavaram Manor,NULL,111,54749,2/15/06 04:45
412,1639 Saarbrcken Drive,NULL,437,9827,2/15/06 04:45
413,692 Amroha Drive,NULL,230,35575,2/15/06 04:45
414,1936 Lapu-Lapu Parkway,NULL,141,7122,2/15/06 04:45
415,432 Garden Grove Street,NULL,430,65630,2/15/06 04:45
416,1445 Carmen Parkway,NULL,117,70809,2/15/06 04:45
417,791 Salinas Street,NULL,208,40509,2/15/06 04:45
418,126 Acua Parkway,NULL,71,58888,2/15/06 04:45
419,397 Sunnyvale Avenue,NULL,19,55566,2/15/06 04:45
420,992 Klerksdorp Loop,NULL,23,33711,2/15/06 04:45
421,966 Arecibo Loop,NULL,134,94018,2/15/06 04:45
422,289 Santo Andr Manor,NULL,16,72410,2/15/06 04:45
423,437 Chungho Drive,NULL,450,59489,2/15/06 04:45
424,1948 Bayugan Parkway,NULL,264,60622,2/15/06 04:45
425,1866 al-Qatif Avenue,NULL,155,89420,2/15/06 04:45
426,1661 Abha Drive,NULL,416,14400,2/15/06 04:45
427,1557 Cape Coral Parkway,NULL,293,46875,2/15/06 04:45
428,1727 Matamoros Place,NULL,465,78813,2/15/06 04:45
429,1269 Botosani Manor,NULL,468,47394,2/15/06 04:45
430,355 Vitria de Santo Anto Way,NULL,452,81758,2/15/06 04:45
431,1596 Acua Parkway,NULL,418,70425,2/15/06 04:45
432,259 Ipoh Drive,NULL,189,64964,2/15/06 04:45
433,1823 Hoshiarpur Lane,NULL,510,33191,2/15/06 04:45
434,1404 Taguig Drive,NULL,547,87212,2/15/06 04:45
435,740 Udaipur Lane,NULL,150,33505,2/15/06 04:45
436,287 Cuautla Boulevard,NULL,501,72736,2/15/06 04:45
437,1766 Almirante Brown Street,NULL,364,63104,2/15/06 04:45
438,596 Huixquilucan Place,NULL,351,65892,2/15/06 04:45
439,1351 Aparecida de Goinia Parkway,NULL,391,41775,2/15/06 04:45
440,722 Bradford Lane,NULL,249,90920,2/15/06 04:45
441,983 Santa F Way,NULL,565,47472,2/15/06 04:45
442,1245 Ibirit Way,NULL,290,40926,2/15/06 04:45
443,1836 Korla Parkway,NULL,272,55405,2/15/06 04:45
444,231 Kaliningrad Place,NULL,70,57833,2/15/06 04:45
445,495 Bhimavaram Lane,NULL,144,3,2/15/06 04:45
446,1924 Shimonoseki Drive,NULL,59,52625,2/15/06 04:45
447,105 Dzerzinsk Manor,NULL,540,48570,2/15/06 04:45
448,614 Denizli Parkway,NULL,486,29444,2/15/06 04:45
449,1289 Belm Boulevard,NULL,530,88306,2/15/06 04:45
450,203 Tambaram Street,NULL,161,73942,2/15/06 04:45
451,1704 Tambaram Manor,NULL,554,2834,2/15/06 04:45
452,207 Cuernavaca Loop,NULL,352,52671,2/15/06 04:45
453,319 Springs Loop,NULL,160,99552,2/15/06 04:45
454,956 Nam Dinh Manor,NULL,481,21872,2/15/06 04:45
455,1947 Paarl Way,NULL,509,23636,2/15/06 04:45
456,814 Simferopol Loop,NULL,154,48745,2/15/06 04:45
457,535 Ahmadnagar Manor,NULL,3,41136,2/15/06 04:45
458,138 Caracas Boulevard,NULL,326,16790,2/15/06 04:45
459,251 Florencia Drive,NULL,556,16119,2/15/06 04:45
460,659 Gatineau Boulevard,NULL,153,28587,2/15/06 04:45
461,1889 Valparai Way,NULL,600,75559,2/15/06 04:45
462,1485 Bratislava Place,NULL,435,83183,2/15/06 04:45
463,935 Aden Boulevard,NULL,532,64709,2/15/06 04:45
464,76 Kermanshah Manor,NULL,423,23343,2/15/06 04:45
465,734 Tanshui Avenue,NULL,170,70664,2/15/06 04:45
466,118 Jaffna Loop,NULL,182,10447,2/15/06 04:45
467,1621 Tongliao Avenue,NULL,558,22173,2/15/06 04:45
468,1844 Usak Avenue,NULL,196,84461,2/15/06 04:45
469,1872 Toulon Loop,NULL,428,7939,2/15/06 04:45
470,1088 Ibirit Place,NULL,595,88502,2/15/06 04:45
471,1322 Mosul Parkway,NULL,145,95400,2/15/06 04:45
472,1447 Chatsworth Place,NULL,129,41545,2/15/06 04:45
473,1257 Guadalajara Street,NULL,78,33599,2/15/06 04:45
474,1469 Plock Lane,NULL,388,95835,2/15/06 04:45
475,434 Ourense (Orense) Manor,NULL,206,14122,2/15/06 04:45
476,270 Tambaram Parkway,NULL,244,9668,2/15/06 04:45
477,1786 Salinas Place,NULL,359,66546,2/15/06 04:45
478,1078 Stara Zagora Drive,NULL,301,69221,2/15/06 04:45
479,1854 Okara Boulevard,NULL,158,42123,2/15/06 04:45
480,421 Yaound Street,NULL,385,11363,2/15/06 04:45
481,1153 Allende Way,NULL,179,20336,2/15/06 04:45
482,808 Naala-Porto Parkway,NULL,500,41060,2/15/06 04:45
483,632 Usolje-Sibirskoje Parkway,NULL,36,73085,2/15/06 04:45
484,98 Pyongyang Boulevard,NULL,11,88749,2/15/06 04:45
485,984 Novoterkassk Loop,NULL,180,28165,2/15/06 04:45
486,64 Korla Street,NULL,347,25145,2/15/06 04:45
487,1785 So Bernardo do Campo Street,NULL,125,71182,2/15/06 04:45
488,698 Jelets Boulevard,NULL,142,2596,2/15/06 04:45
489,1297 Alvorada Parkway,NULL,587,11839,2/15/06 04:45
490,1909 Dayton Avenue,NULL,469,88513,2/15/06 04:45
491,1789 Saint-Denis Parkway,NULL,4,8268,2/15/06 04:45
492,185 Mannheim Lane,NULL,408,23661,2/15/06 04:45
493,184 Mandaluyong Street,NULL,288,94239,2/15/06 04:45
494,591 Sungai Petani Drive,NULL,376,46400,2/15/06 04:45
495,656 Matamoros Drive,NULL,487,19489,2/15/06 04:45
496,775 ostka Drive,NULL,337,22358,2/15/06 04:45
497,1013 Tabuk Boulevard,NULL,261,96203,2/15/06 04:45
498,319 Plock Parkway,NULL,504,26101,2/15/06 04:45
499,1954 Kowloon and New Kowloon Way,NULL,434,63667,2/15/06 04:45
500,362 Rajkot Lane,NULL,47,98030,2/15/06 04:45
501,1060 Tandil Lane,NULL,432,72349,2/15/06 04:45
502,1515 Korla Way,NULL,589,57197,2/15/06 04:45
503,1416 San Juan Bautista Tuxtepec Avenue,NULL,444,50592,2/15/06 04:45
504,1 Valle de Santiago Avenue,NULL,93,86208,2/15/06 04:45
505,519 Brescia Parkway,NULL,318,69504,2/15/06 04:45
506,414 Mandaluyong Street,NULL,314,16370,2/15/06 04:45
507,1197 Sokoto Boulevard,NULL,478,87687,2/15/06 04:45
508,496 Celaya Drive,NULL,552,90797,2/15/06 04:45
509,786 Matsue Way,NULL,245,37469,2/15/06 04:45
510,48 Maracabo Place,NULL,519,1570,2/15/06 04:45
511,1152 al-Qatif Lane,NULL,412,44816,2/15/06 04:45
512,1269 Ipoh Avenue,NULL,163,54674,2/15/06 04:45
513,758 Korolev Parkway,NULL,568,75474,2/15/06 04:45
514,1747 Rustenburg Place,NULL,110,51369,2/15/06 04:45
515,886 Tonghae Place,NULL,259,19450,2/15/06 04:45
516,1574 Goinia Boulevard,NULL,502,39529,2/15/06 04:45
517,548 Uruapan Street,NULL,312,35653,2/15/06 04:45
519,962 Tama Loop,NULL,583,65952,2/15/06 04:45
520,1778 Gijn Manor,NULL,594,35156,2/15/06 04:45
521,568 Dhule (Dhulia) Loop,NULL,127,92568,2/15/06 04:45
522,1768 Udine Loop,NULL,60,32347,2/15/06 04:45
523,608 Birgunj Parkway,NULL,116,400,2/15/06 04:45
524,680 A Corua (La Corua) Manor,NULL,482,49806,2/15/06 04:45
525,1949 Sanya Street,NULL,224,61244,2/15/06 04:45
526,617 Klerksdorp Place,NULL,366,94707,2/15/06 04:45
527,1993 0 Loop,NULL,588,41214,2/15/06 04:45
528,1176 Southend-on-Sea Manor,NULL,458,81651,2/15/06 04:45
529,600 Purnea (Purnia) Avenue,NULL,571,18043,2/15/06 04:45
530,1003 Qinhuangdao Street,NULL,419,25972,2/15/06 04:45
531,1986 Sivas Place,NULL,551,95775,2/15/06 04:45
532,1427 Tabuk Place,NULL,101,31342,2/15/06 04:45
533,556 Asuncin Way,NULL,339,35364,2/15/06 04:45
534,486 Ondo Parkway,NULL,67,35202,2/15/06 04:45
535,635 Brest Manor,NULL,75,40899,2/15/06 04:45
536,166 Jinchang Street,NULL,165,86760,2/15/06 04:45
537,958 Sagamihara Lane,NULL,287,88408,2/15/06 04:45
538,1817 Livorno Way,NULL,100,79401,2/15/06 04:45
539,1332 Gaziantep Lane,NULL,80,22813,2/15/06 04:45
540,949 Allende Lane,NULL,24,67521,2/15/06 04:45
541,195 Ilorin Street,NULL,363,49250,2/15/06 04:45
542,193 Bhusawal Place,NULL,539,9750,2/15/06 04:45
543,43 Vilnius Manor,NULL,42,79814,2/15/06 04:45
544,183 Haiphong Street,NULL,46,69953,2/15/06 04:45
545,163 Augusta-Richmond County Loop,NULL,561,33030,2/15/06 04:45
546,191 Jos Azueta Parkway,NULL,436,13629,2/15/06 04:45
547,379 Lublin Parkway,NULL,309,74568,2/15/06 04:45
548,1658 Cuman Loop,NULL,396,51309,2/15/06 04:45
549,454 Qinhuangdao Drive,NULL,68,25866,2/15/06 04:45
550,1715 Okayama Street,NULL,485,55676,2/15/06 04:45
551,182 Nukualofa Drive,NULL,275,15414,2/15/06 04:45
552,390 Wroclaw Way,NULL,462,5753,2/15/06 04:45
553,1421 Quilmes Lane,NULL,260,19151,2/15/06 04:45
554,947 Trshavn Place,NULL,528,841,2/15/06 04:45
555,1764 Jalib al-Shuyukh Parkway,NULL,459,77642,2/15/06 04:45
556,346 Cam Ranh Avenue,NULL,599,39976,2/15/06 04:45
557,1407 Pachuca de Soto Place,NULL,21,26284,2/15/06 04:45
558,904 Clarksville Drive,NULL,193,52234,2/15/06 04:45
559,1917 Kumbakonam Parkway,NULL,368,11892,2/15/06 04:45
560,1447 Imus Place,NULL,426,12905,2/15/06 04:45
561,1497 Fengshan Drive,NULL,112,63022,2/15/06 04:45
562,869 Shikarpur Way,NULL,496,57380,2/15/06 04:45
563,1059 Yuncheng Avenue,NULL,570,47498,2/15/06 04:45
564,505 Madiun Boulevard,NULL,577,97271,2/15/06 04:45
565,1741 Hoshiarpur Boulevard,NULL,79,22372,2/15/06 04:45
566,1229 Varanasi (Benares) Manor,NULL,43,40195,2/15/06 04:45
567,1894 Boa Vista Way,NULL,178,77464,2/15/06 04:45
568,1342 Sharja Way,NULL,488,93655,2/15/06 04:45
569,1342 Abha Boulevard,NULL,95,10714,2/15/06 04:45
570,415 Pune Avenue,NULL,580,44274,2/15/06 04:45
571,1746 Faaa Way,NULL,214,32515,2/15/06 04:45
572,539 Hami Way,NULL,538,52196,2/15/06 04:45
573,1407 Surakarta Manor,NULL,466,33224,2/15/06 04:45
574,502 Mandi Bahauddin Parkway,NULL,55,15992,2/15/06 04:45
575,1052 Pathankot Avenue,NULL,299,77397,2/15/06 04:45
576,1351 Sousse Lane,NULL,341,37815,2/15/06 04:45
577,1501 Pangkal Pinang Avenue,NULL,409,943,2/15/06 04:45
578,1405 Hagonoy Avenue,NULL,133,86587,2/15/06 04:45
579,521 San Juan Bautista Tuxtepec Place,NULL,598,95093,2/15/06 04:45
580,923 Tangail Boulevard,NULL,10,33384,2/15/06 04:45
581,186 Skikda Lane,NULL,131,89422,2/15/06 04:45
582,1568 Celaya Parkway,NULL,168,34750,2/15/06 04:45
583,1489 Kakamigahara Lane,NULL,526,98883,2/15/06 04:45
584,1819 Alessandria Loop,NULL,103,53829,2/15/06 04:45
585,1208 Tama Loop,NULL,344,73605,2/15/06 04:45
586,951 Springs Lane,NULL,219,96115,2/15/06 04:45
587,760 Miyakonojo Drive,NULL,246,64682,2/15/06 04:45
588,966 Asuncin Way,NULL,212,62703,2/15/06 04:45
589,1584 Ljubertsy Lane,NULL,494,22954,2/15/06 04:45
590,247 Jining Parkway,NULL,54,53446,2/15/06 04:45
591,773 Dallas Manor,NULL,424,12664,2/15/06 04:45
592,1923 Stara Zagora Lane,NULL,546,95179,2/15/06 04:45
593,1402 Zanzibar Boulevard,NULL,106,71102,2/15/06 04:45
594,1464 Kursk Parkway,NULL,574,17381,2/15/06 04:45
595,1074 Sanaa Parkway,NULL,311,22474,2/15/06 04:45
596,1759 Niznekamsk Avenue,NULL,14,39414,2/15/06 04:45
597,32 Liaocheng Way,NULL,248,1944,2/15/06 04:45
598,42 Fontana Avenue,NULL,512,14684,2/15/06 04:45
599,1895 Zhezqazghan Drive,NULL,177,36693,2/15/06 04:45
600,1837 Kaduna Parkway,NULL,241,82580,2/15/06 04:45
601,844 Bucuresti Place,NULL,242,36603,2/15/06 04:45
602,1101 Bucuresti Boulevard,NULL,401,97661,2/15/06 04:45
603,1103 Quilmes Boulevard,NULL,503,52137,2/15/06 04:45
604,1331 Usak Boulevard,NULL,296,61960,2/15/06 04:45
605,1325 Fukuyama Street,NULL,537,27107,2/15/06 04:45